ai-bro;chobodav
ai-bro;dalibor-florian
ai-bro;michalklabnik
ai-bro;pajikos
ai-bro;JosefBackovsky
ai-bro;Petaniss
ai-bro;pavel-john
ai-bro;jakub-klapka
ai-bro;pkral78
ai-bro;lukaskopenec
ai-bro;horca
ai-bro;valda-z
ai-bro;m-valenta
ai-bro;martinrod-cf
ai-bro;matousekjan
ai-bro;LukasNajman
ai-bro;Squire-MartinSv
ai-bro;ivushka23
ai-bro;tsychracf
ai-bro;VeronikaVaculova
ai-bro;petrsneidr
all;tomascejka
all;chobodav
all;mosladil
all;dalibor-florian
all;michalklabnik
all;pajikos
all;wortner
all;JosefBackovsky
all;Petaniss
all;pavel-john
all;jakub-klapka
all;hos-p
all;pkral78
all;keeema
all;pusky-
all;o-su
all;jirgl
all;lukaskopenec
all;saryn
all;ma-ja
all;horca
all;Palciny
all;valda-z
all;martinkuchar
all;miroslavpokorny
all;MartinSteefStefko
all;teleteleci
all;Malrim
all;m-valenta
all;usdarmy
all;Michal-Po
all;davidsvamberk
all;brezina-petr
all;martinrod-cf
all;kreuzj
all;StrnadJan
all;JanKuceraCF
all;CF-Sarka
all;frantisekjana
all;jarinnemec
all;matousekjan
all;hana-brejtrova
all;vesmYr
all;LukasNajman
all;adela-4
all;mkminek11
all;Squire-MartinSv
all;vilem-k
all;Aiwenna
all;ivushka23
all;samkokakauko
all;lukas-holas
all;tsychracf
all;VeronikaVaculova
all;petrsneidr
bizerba;chobodav
bizerba;michalklabnik
bizerba;pavel-john
bizerba;ma-ja
bizerba;jarinnemec
bizerba;Squire-MartinSv
bizerba;Aiwenna
copilot;tomascejka
copilot;chobodav
copilot;mosladil
copilot;dalibor-florian
copilot;michalklabnik
copilot;pajikos
copilot;wortner
copilot;JosefBackovsky
copilot;Petaniss
copilot;pavel-john
copilot;jakub-klapka
copilot;hos-p
copilot;pkral78
copilot;keeema
copilot;jirgl
copilot;lukaskopenec
copilot;saryn
copilot;ma-ja
copilot;horca
copilot;Palciny
copilot;valda-z
copilot;martinkuchar
copilot;miroslavpokorny
copilot;teleteleci
copilot;Malrim
copilot;m-valenta
copilot;Michal-Po
copilot;davidsvamberk
copilot;brezina-petr
copilot;martinrod-cf
copilot;kreuzj
copilot;StrnadJan
copilot;JanKuceraCF
copilot;jarinnemec
copilot;LukasNajman
copilot;adela-4
copilot;Squire-MartinSv
copilot;ivushka23
copilot;tsychracf
copilot;VeronikaVaculova
copilot;petrsneidr
crm;mosladil
crm;horca
crm;Palciny
crm;valda-z
crm;Michal-Po
crm;StrnadJan
crm;frantisekjana
crm;matousekjan
crm;Squire-MartinSv
crm;vilem-k
crm;VeronikaVaculova
crm;petrsneidr
csas-python;pajikos
csas-python;wortner
csas-python;pavel-john
csas-python;pkral78
csas-python;pusky-
csas-python;lukaskopenec
csas-python;brezina-petr
csas-python;martinrod-cf
csas-python;StrnadJan
csas-python;JanKuceraCF
csas-python;hana-brejtrova
csas-python;vesmYr
encall;wortner
encall;JosefBackovsky
encall;pavel-john
encall;ma-ja
encall;valda-z
encall;jarinnemec
encall;Squire-MartinSv
encall-admin;wortner
encall-admin;JosefBackovsky
encall-admin;valda-z
nebula;mosladil
nebula;dalibor-florian
nebula;michalklabnik
nebula;pajikos
nebula;wortner
nebula;JosefBackovsky
nebula;pavel-john
nebula;jakub-klapka
nebula;pkral78
nebula;pusky-
nebula;jirgl
nebula;lukaskopenec
nebula;horca
nebula;valda-z
nebula;martinkuchar
nebula;m-valenta
nebula;Michal-Po
nebula;brezina-petr
nebula;StrnadJan
nebula;JanKuceraCF
nebula;jarinnemec
nebula;matousekjan
nebula;hana-brejtrova
nebula;vesmYr
nebula;LukasNajman
nebula;vilem-k
nebula;ivushka23
nebula;VeronikaVaculova
nebula;petrsneidr
packeta-kamery;horca
packeta-kamery;valda-z
packeta-kamery;jarinnemec
packeta-kamery;LukasNajman
packeta-kamery;vilem-k
packeta-zetbox;pajikos
packeta-zetbox;wortner
packeta-zetbox;pkral78
packeta-zetbox;lukaskopenec
packeta-zetbox;martinrod-cf
packeta-zetbox;StrnadJan
training;pajikos
training;wortner
training;JosefBackovsky
training;pavel-john
training;jakub-klapka
training;pkral78
training;pusky-
training;valda-z
training;miroslavpokorny
training;davidsvamberk
training;vilem-k
